{
  "4": {
    "layer": 4,
    "top_weight_changes": {
      "indices": [
        205,
        248,
        37,
        254,
        364,
        192,
        93,
        39,
        219,
        363,
        92,
        74,
        55,
        251,
        41,
        215,
        317,
        130,
        110,
        144
      ],
      "values": [
        30.976329803466797,
        24.70502281188965,
        22.970508575439453,
        21.727201461791992,
        21.446426391601562,
        18.308101654052734,
        18.010303497314453,
        17.72047233581543,
        17.362598419189453,
        15.740225791931152,
        15.548768997192383,
        15.527377128601074,
        13.925291061401367,
        13.708930015563965,
        13.053364753723145,
        12.79926872253418,
        11.296141624450684,
        11.244068145751953,
        10.911052703857422,
        10.8391752243042
      ]
    },
    "top_bias_changes": {
      "indices": [
        222,
        384,
        127,
        138,
        90,
        162,
        3,
        141,
        25,
        297,
        296,
        373,
        269,
        119,
        46,
        381,
        299,
        74,
        53,
        2
      ],
      "values": [
        0.07982978969812393,
        0.06833990663290024,
        0.06507165729999542,
        0.05736277624964714,
        0.05091412737965584,
        0.043312475085258484,
        0.042277805507183075,
        0.041796959936618805,
        0.040074825286865234,
        0.039681386202573776,
        0.03616052120923996,
        0.0340563990175724,
        0.029408123344182968,
        0.02596520446240902,
        0.02557269297540188,
        0.02424808219075203,
        0.02293829619884491,
        0.02286817505955696,
        0.019754428416490555,
        0.01961834356188774
      ]
    },
    "weight_bias_correlation": 0.008391914889216423,
    "mean_weight_change": 2.4323995113372803,
    "mean_bias_change": 0.00581555487588048,
    "std_weight_change": 3.78920316696167,
    "std_bias_change": 0.009364324621856213,
    "max_weight_change": 30.976329803466797,
    "max_bias_change": 0.07982978969812393
  },
  "10": {
    "layer": 10,
    "top_weight_changes": {
      "indices": [
        205,
        37,
        254,
        248,
        39,
        93,
        192,
        219,
        363,
        92,
        55,
        41,
        215,
        144,
        364,
        317,
        139,
        110,
        15,
        56
      ],
      "values": [
        25.189321517944336,
        21.972558975219727,
        20.702369689941406,
        19.388423919677734,
        17.024932861328125,
        15.237076759338379,
        15.165117263793945,
        14.562893867492676,
        13.90356731414795,
        13.407363891601562,
        12.965367317199707,
        11.21951961517334,
        10.429795265197754,
        10.039286613464355,
        9.91989803314209,
        9.729244232177734,
        9.27390193939209,
        8.6926908493042,
        8.553413391113281,
        8.347513198852539
      ]
    },
    "top_bias_changes": {
      "indices": [
        359,
        81,
        389,
        242,
        194,
        266,
        25,
        70,
        280,
        225,
        101,
        364,
        372,
        312,
        279,
        41,
        184,
        350,
        314,
        131
      ],
      "values": [
        0.06555614620447159,
        0.05409117788076401,
        0.03723039850592613,
        0.031025990843772888,
        0.030115606263279915,
        0.028434962034225464,
        0.026376808062195778,
        0.024846183136105537,
        0.02289997972548008,
        0.02229766920208931,
        0.02127709612250328,
        0.021087557077407837,
        0.02066572569310665,
        0.019414221867918968,
        0.019276265054941177,
        0.01923321932554245,
        0.01895758882164955,
        0.018607065081596375,
        0.01837039738893509,
        0.018028976395726204
      ]
    },
    "weight_bias_correlation": 0.04913319647312164,
    "mean_weight_change": 2.1510748863220215,
    "mean_bias_change": 0.006705790758132935,
    "std_weight_change": 3.0725395679473877,
    "std_bias_change": 0.006667743436992168,
    "max_weight_change": 25.189321517944336,
    "max_bias_change": 0.06555614620447159
  },
  "16": {
    "layer": 16,
    "top_weight_changes": {
      "indices": [
        364,
        205,
        254,
        37,
        248,
        192,
        41,
        93,
        39,
        363,
        55,
        317,
        219,
        144,
        92,
        215,
        110,
        15,
        139,
        56
      ],
      "values": [
        14.349201202392578,
        13.785881996154785,
        11.475944519042969,
        11.339548110961914,
        10.9631929397583,
        8.981541633605957,
        8.706302642822266,
        8.561945915222168,
        8.436060905456543,
        8.316227912902832,
        8.122184753417969,
        7.912744522094727,
        7.860651016235352,
        7.805967330932617,
        7.799426555633545,
        7.753229141235352,
        7.278975963592529,
        7.229727268218994,
        6.924680709838867,
        6.830765247344971
      ]
    },
    "top_bias_changes": {
      "indices": [
        104,
        133,
        66,
        85,
        61,
        385,
        203,
        121,
        35,
        346,
        34,
        321,
        232,
        129,
        309,
        234,
        379,
        162,
        0,
        366
      ],
      "values": [
        0.5590165257453918,
        0.2204727977514267,
        0.15920354425907135,
        0.10661967843770981,
        0.08691021800041199,
        0.0772983580827713,
        0.058504726737737656,
        0.056321874260902405,
        0.04950597882270813,
        0.04564305767416954,
        0.04432891309261322,
        0.04328593611717224,
        0.03946281969547272,
        0.0379631444811821,
        0.033119428902864456,
        0.03221164271235466,
        0.03214167803525925,
        0.030580876395106316,
        0.030334671959280968,
        0.029441814869642258
      ]
    },
    "weight_bias_correlation": 0.029412642121315002,
    "mean_weight_change": 1.8792921304702759,
    "mean_bias_change": 0.012402565218508244,
    "std_weight_change": 1.9334028959274292,
    "std_bias_change": 0.03235313668847084,
    "max_weight_change": 14.349201202392578,
    "max_bias_change": 0.5590165257453918
  },
  "22": {
    "layer": 22,
    "top_weight_changes": {
      "indices": [
        205,
        364,
        93,
        248,
        37,
        192,
        254,
        41,
        144,
        15,
        215,
        363,
        39,
        55,
        219,
        92,
        56,
        110,
        139,
        213
      ],
      "values": [
        6.206757068634033,
        5.851621627807617,
        5.82592248916626,
        5.451749801635742,
        5.417181015014648,
        5.372676372528076,
        5.063685417175293,
        4.935743808746338,
        4.854310035705566,
        4.843501091003418,
        4.765120983123779,
        4.727564334869385,
        4.691784858703613,
        4.663567066192627,
        4.607580661773682,
        4.526696681976318,
        4.490880966186523,
        4.471733093261719,
        4.397578239440918,
        4.341605186462402
      ]
    },
    "top_bias_changes": {
      "indices": [
        159,
        81,
        101,
        276,
        224,
        220,
        258,
        271,
        181,
        294,
        198,
        353,
        115,
        323,
        147,
        178,
        290,
        281,
        266,
        329
      ],