{
  "4": {
    "layer": 4,
    "top_10_improved_features": {
      "feature_indices": [
        299,
        335,
        387,
        347,
        269,
        32,
        176,
        209,
        362,
        312
      ],
      "activation_diffs": [
        0.48638513684272766,
        0.32348912954330444,
        0.21381619572639465,
        0.10640931129455566,
        0.10476607084274292,
        0.0895056426525116,
        0.08876128494739532,
        0.08099067211151123,
        0.08033273369073868,
        0.07291373610496521
      ]
    },
    "top_10_finetuned_features": {
      "feature_indices": [
        205,
        248,
        37,
        93,
        192,
        39,
        219,
        254,
        364,
        363
      ],
      "activation_values": [
        2.300286054611206,
        2.097776174545288,
        2.002894401550293,
        1.8469716310501099,
        1.8325921297073364,
        1.8266170024871826,
        1.7907463312149048,
        1.7375296354293823,
        1.7259680032730103,
        1.6543980836868286
      ]
    },
    "mean_base_activation": 0.233355313539505,
    "mean_finetuned_activation": 0.1696527898311615,
    "mean_activation_improvement": -0.06370251625776291,
    "max_activation_improvement": 0.48638513684272766,
    "total_features": 400
  },
  "10": {
    "layer": 10,
    "top_10_improved_features": {
      "feature_indices": [
        83,
        91,
        17,
        318,
        162,
        266,
        310,
        105,
        320,
        131
      ],
      "activation_diffs": [
        1.000862956047058,
        0.6172240376472473,
        0.572381854057312,
        0.33749502897262573,
        0.2971351742744446,
        0.21770405769348145,
        0.20409128069877625,
        0.18869595229625702,
        0.17703549563884735,
        0.1716722548007965
      ]
    },
    "top_10_finetuned_features": {
      "feature_indices": [
        37,
        254,
        248,
        205,
        93,
        39,
        364,
        192,
        219,
        92
      ],
      "activation_values": [
        2.0934200286865234,
        2.0563082695007324,
        2.0290956497192383,
        2.0119590759277344,
        1.9466674327850342,
        1.9162200689315796,
        1.899490237236023,
        1.7842386960983276,
        1.7435346841812134,
        1.6932591199874878
      ]
    },
    "mean_base_activation": 0.2908347249031067,
    "mean_finetuned_activation": 0.22254158556461334,
    "mean_activation_improvement": -0.06829315423965454,
    "max_activation_improvement": 1.000862956047058,
    "total_features": 400
  },
  "16": {
    "layer": 16,
    "top_10_improved_features": {
      "feature_indices": [
        389,
        85,
        385,
        279,
        121,
        107,
        355,
        228,
        18,
        283
      ],
      "activation_diffs": [
        2.073103427886963,
        1.008994221687317,
        0.9905503392219543,
        0.9412539005279541,
        0.7515660524368286,
        0.7274119853973389,
        0.594311535358429,
        0.578302264213562,
        0.5314136147499084,
        0.5292045474052429
      ]
    },
    "top_10_finetuned_features": {
      "feature_indices": [
        389,
        205,
        364,
        254,
        37,
        248,
        93,
        192,
        385,
        219
      ],
      "activation_values": [
        2.3653831481933594,
        1.9449725151062012,
        1.8510693311691284,
        1.6145501136779785,
        1.6005911827087402,
        1.596207857131958,
        1.5226401090621948,
        1.5147528648376465,
        1.513399362564087,
        1.4662344455718994
      ]
    },
    "mean_base_activation": 0.3894463777542114,
    "mean_finetuned_activation": 0.32105427980422974,
    "mean_activation_improvement": -0.06839215755462646,
    "max_activation_improvement": 2.073103427886963,
    "total_features": 400
  },
  "22": {
    "layer": 22,
    "top_10_improved_features": {
      "feature_indices": [
        258,
        116,
        159,
        186,
        323,
        157,
        353,
        252,
        141,
        90
      ],
      "activation_diffs": [
        9.519039154052734,
        2.3854339122772217,
        2.150527238845825,
        1.5754826068878174,
        1.0571506023406982,
        1.0476762056350708,
        1.0045065879821777,
        0.9969087243080139,
        0.9208492040634155,
        0.895595908164978
      ]
    },
    "top_10_finetuned_features": {
      "feature_indices": [
        258,
        116,
        159,
        386,
        186,
        205,
        93,
        364,
        95,
        389
      ],
      "activation_values": [
        10.158488273620605,
        2.966593027114868,
        2.571767807006836,
        1.9984670877456665,
        1.8462408781051636,
        1.7021516561508179,
        1.5963294506072998,
        1.537886619567871,
        1.5195595026016235,
        1.494450330734253
      ]
    },
    "mean_base_activation": 0.6676703691482544,
    "mean_finetuned_activation": 0.5663029551506042,
    "mean_activation_improvement": -0.10136746615171432,
    "max_activation_improvement": 9.519039154052734,
    "total_features": 400
  },
  "28": {
    "layer": 28,
    "top_10_improved_features": {
      "feature_indices": [
        116,
        375,
        276,
        345,
        121,
        19,
        103,
        287,
        305,
        178
      ],
      "activation_diffs": [
        19.074615478515625,
        5.224442958831787,
        3.2475576400756836,
        2.65901780128479,
        2.0006508827209473,
        1.8848927021026611,
        1.8784090280532837,
        1.8702926635742188,
        1.6117738485336304,
        1.1628490686416626
      ]
    },
    "top_10_finetuned_features": {
      "feature_indices": [
        116,
        375,
        172,
        134,
        276,
        345,
        287,
        19,
        305,
        283
      ],
      "activation_values": [
        19.965726852416992,
        6.147290229797363,
        4.009654998779297,
        3.886129140853882,
        3.837599515914917,
        3.5895462036132812,
        3.007300615310669,
        2.8206875324249268,
        2.3805360794067383,
        2.2359087467193604
      ]
    },
    "mean_base_activation": 1.0659137964248657,
    "mean_finetuned_activation": 0.9100951552391052,
    "mean_activation_improvement": -0.1558186262845993,
    "max_activation_improvement": 19.074615478515625,
    "total_features": 400
  }
}