{
  "TSLA": {
    "gpu_id": 2,
    "metrics": {
      "total_return": 0.13148486906859383,
      "sharpe_ratio": 3.5490362304708127,
      "max_drawdown": -0.03645215699417792,
      "win_rate": 0.5,
      "n_trades": 2,
      "volatility": 0.6283234799508969
    }
  },
  "BA": {
    "gpu_id": 3,
    "metrics": {
      "total_return": 0.02668123732531516,
      "sharpe_ratio": 2.5863464850138254,
      "max_drawdown": -0.02738858225184726,
      "win_rate": 1.0,
      "n_trades": 2,
      "volatility": 0.18325333021850984
    }
  }
}