{
  "TSLA": {
    "metrics": {
      "total_return": 1.1086055513865611,
      "sharpe_ratio": 0.9256222265086609,
      "max_drawdown": -0.6590292798183842,
      "win_rate": 0.5116279069767442,
      "n_trades": 43,
      "volatility": 0.884820416153425,
      "quantstats_report": "optimized_quantstats_report_TSLA.html",
      "trading_chart": "optimized_trading_chart_TSLA.png"
    }
  },
  "BA": {
    "metrics": {
      "total_return": 1.7327043599667618,
      "sharpe_ratio": 1.368889184980486,
      "max_drawdown": -0.5075981949016037,
      "win_rate": 0.5340909090909091,
      "n_trades": 88,
      "volatility": 0.5275358012264354,
      "quantstats_report": "optimized_quantstats_report_BA.html",
      "trading_chart": "optimized_trading_chart_BA.png"
    }
  },
  "BTC-USD": {
    "metrics": {
      "total_return": 1.3725478545389194,
      "sharpe_ratio": 0.8398321598835679,
      "max_drawdown": -0.8201987033105196,
      "win_rate": 0.5448275862068965,
      "n_trades": 145,
      "volatility": 0.7134841659349727,
      "quantstats_report": "optimized_quantstats_report_BTC-USD.html",
      "trading_chart": "optimized_trading_chart_BTC-USD.png"
    }
  },
  "timing_stats": {
    "batch_processing": {
      "total_time": 126.67424488067627,
      "items_processed": 913,
      "avg_time_per_item": 0.138745065586721
    }
  }
}